ID,firstName,lastName,email,originPlanet,spacesuitColor,stardustCollection,wormholeNavigationSkill,department_ID,position_ID
30000000-0000-4000-8000-000000000001,Nova,Sterling,nova.sterling@galactic.example,Earth,Azure,1250,88,10000000-0000-4000-8000-000000000001,20000000-0000-4000-8000-000000000001
30000000-0000-4000-8000-000000000002,Orion,Vega,orion.vega@galactic.example,Earth,Silver,980,72,10000000-0000-4000-8000-000000000002,20000000-0000-4000-8000-000000000003
30000000-0000-4000-8000-000000000003,Lyra,Chen,lyra.chen@galactic.example,Earth,Violet,1430,65,10000000-0000-4000-8000-000000000003,20000000-0000-4000-8000-000000000005
30000000-0000-4000-8000-000000000004,Atlas,Morgan,atlas.morgan@galactic.example,Earth,Orange,760,94,10000000-0000-4000-8000-000000000004,20000000-0000-4000-8000-000000000007
30000000-0000-4000-8000-000000000005,Celeste,Rao,celeste.rao@galactic.example,Earth,White,540,40,10000000-0000-4000-8000-000000000005,
30000000-0000-4000-8000-000000000006,Sol,Bennett,sol.bennett@galactic.example,Earth,Green,0,0,,
30000000-0000-4000-8000-000000000007,Ares,Voss,ares.voss@galactic.example,Mars,Crimson,1710,91,10000000-0000-4000-8000-000000000001,20000000-0000-4000-8000-000000000002
30000000-0000-4000-8000-000000000008,Rhea,Calder,rhea.calder@galactic.example,Mars,Copper,1120,77,10000000-0000-4000-8000-000000000002,20000000-0000-4000-8000-000000000004
30000000-0000-4000-8000-000000000009,Deimos,Kane,deimos.kane@galactic.example,Mars,Black,890,58,10000000-0000-4000-8000-000000000003,20000000-0000-4000-8000-000000000006
30000000-0000-4000-8000-000000000010,Elara,Venn,elara.venn@galactic.example,Mars,Gold,1320,96,10000000-0000-4000-8000-000000000004,20000000-0000-4000-8000-000000000007
30000000-0000-4000-8000-000000000011,Juno,Marrek,juno.marrek@galactic.example,Mars,Gray,670,35,10000000-0000-4000-8000-000000000005,20000000-0000-4000-8000-000000000008
30000000-0000-4000-8000-000000000012,Pax,Lowell,pax.lowell@galactic.example,Mars,Blue,210,12,,
30000000-0000-4000-8000-000000000013,Nix,Frost,nix.frost@galactic.example,Europa,Ice Blue,1505,62,10000000-0000-4000-8000-000000000003,20000000-0000-4000-8000-000000000005
30000000-0000-4000-8000-000000000014,Talia,Rook,talia.rook@galactic.example,Titan,Amber,1180,54,10000000-0000-4000-8000-000000000002,20000000-0000-4000-8000-000000000003
30000000-0000-4000-8000-000000000015,Keir,Solari,keir.solari@galactic.example,Kepler-186f,Teal,2030,83,10000000-0000-4000-8000-000000000001,20000000-0000-4000-8000-000000000001
30000000-0000-4000-8000-000000000016,Mira,Quill,mira.quill@galactic.example,Proxima Centauri b,,460,49,10000000-0000-4000-8000-000000000004,
